# Host: 127.0.0.1  (Version 5.7.21)
# Date: 2018-06-01 09:31:36
# Generator: MySQL-Front 6.0  (Build 2.20)


#
# Structure for table "admin_info"
#

CREATE TABLE `admin_info` (
  `id` int(4) NOT NULL AUTO_INCREMENT,
  `admName` varchar(20) NOT NULL DEFAULT '',
  `admPassword` varchar(100) NOT NULL DEFAULT '',
  `admAddTime` datetime NOT NULL DEFAULT '2000-01-01 00:00:00',
  `admEditTime` datetime NOT NULL DEFAULT '2000-01-01 00:00:00',
  `token` varchar(255) NOT NULL,
  `role` varchar(20) NOT NULL,
  PRIMARY KEY (`id`)
) ENGINE=InnoDB AUTO_INCREMENT=15 DEFAULT CHARSET=utf8 COMMENT='管理员';

#
# Data for table "admin_info"
#

INSERT INTO `admin_info` VALUES (10,'editor1','$2b$10$hUC3NfSQzBighr0rEg836uS4VlW5T9VBZz0h0f27UwO37l4crYWTe','2018-05-19 08:43:45','2018-05-19 08:43:45','eyJhbGciOiJIUzI1NiIsInR5cCI6IkpXVCJ9.eyJhZG1OYW1lIjoiZWRpdG9yMSIsInJvbGUiOiJlZGl0b3IiLCJpYXQiOjE1Mjc1OTA3NzUsImV4cCI6MTUyNzg0OTk3NX0.k_f3MHofiLxLfvGXz0bZLtdpjbIiZJCqTAPHprcC3u8','editor'),(12,'admin1','$2b$10$JSecUY66L4jJlosDk/OcUuZWLUMAAIvF1qIKoKoyJlLKQb/iug6xS','2018-05-24 21:13:40','2018-05-25 12:38:00','eyJhbGciOiJIUzI1NiIsInR5cCI6IkpXVCJ9.eyJhZG1OYW1lIjoiYWRtaW4xIiwicm9sZSI6ImFkbWluIiwiaWF0IjoxNTI3NjA3MzUyLCJleHAiOjE1Mjc4NjY1NTJ9.kR62K7Dig-myLL8n2CPB8i4CGL-_6w8vh1eVw-hAcmk','admin'),(13,'editor2','$2b$10$1Febuj9Hw4JM.Kec8Tt9wOS2jTICKtOtuyF4S5DjrFQbnkh4vPdca','2018-05-25 12:38:28','2018-05-25 12:38:28','eyJhbGciOiJIUzI1NiIsInR5cCI6IkpXVCJ9.eyJhZG1OYW1lIjoiZWRpdG9yMiIsInJvbGUiOiJlZGl0b3IiLCJpYXQiOjE1MjcyMjMxMTIsImV4cCI6MTUyNzQ4MjMxMn0.NUyelK9LmeB1XQxQfwOF0gmNGGzOJ5WbxBEXpklbR3g','editor'),(14,'admin2','$2b$10$acw.BqqylaaQddd.ul7o6OCXOAeaxbiNvJV8gToWOINthUJsxMs9e','2018-05-29 10:57:35','2018-05-29 11:01:00','eyJhbGciOiJIUzI1NiIsInR5cCI6IkpXVCJ9.eyJhZG1OYW1lIjoiYWRtaW4yIiwicm9sZSI6ImFkbWluIiwiaWF0IjoxNTI3NTYyODY2LCJleHAiOjE1Mjc4MjIwNjZ9.JG8_fGKx-5HNHBQsEwV4pDd5ihYd0oruMHuO3Z3HrEk','admin');

#
# Structure for table "employee_info"
#

CREATE TABLE `employee_info` (
  `empNo` int(3) unsigned zerofill NOT NULL AUTO_INCREMENT COMMENT '编号',
  `empName` varchar(30) NOT NULL DEFAULT '' COMMENT '姓名',
  `empAge` varchar(10) NOT NULL DEFAULT '',
  `empPassword` varchar(30) NOT NULL DEFAULT '' COMMENT '员工密码',
  `empSex` varchar(10) NOT NULL DEFAULT '' COMMENT '员工性别',
  `empBirthday` date NOT NULL DEFAULT '1900-01-01' COMMENT '生日',
  `empIdCard` varchar(30) NOT NULL DEFAULT '' COMMENT '员工身份证',
  `empTel` varchar(20) NOT NULL DEFAULT '' COMMENT '员工电话',
  `empQQ` varchar(20) NOT NULL DEFAULT '' COMMENT 'qq',
  `empAddress` varchar(50) NOT NULL DEFAULT '' COMMENT '员工地址',
  `empEntryDate` date NOT NULL DEFAULT '1900-01-01' COMMENT '入职时间',
  `empState` varchar(10) NOT NULL DEFAULT '',
  PRIMARY KEY (`empNo`)
) ENGINE=InnoDB AUTO_INCREMENT=99 DEFAULT CHARSET=utf8 COMMENT='员工信息';

#
# Data for table "employee_info"
#

INSERT INTO `employee_info` VALUES (001,'范超','84','79063275','男','2011-04-06','500000200604200893','15018884243','977619597','新疆维吾尔自治区 塔城地区 沙湾县','2002-08-04','就职'),(002,'吕明','93','37170095','女','1977-03-16','820000201609238267','14668477511','2901299195','甘肃省 酒泉市 瓜州县','1991-10-23','就职'),(003,'邱军','3','78971777','女','2007-02-15','140000198604038227','17917538371','2569814611','西藏自治区 山南地区 浪卡子县','2012-09-01','就职'),(004,'袁丽','33','18281644','男','2009-07-10','130000201002178057','14851592204','9101914169','山东省 淄博市 淄川区','2015-11-14','就职'),(005,'范娟','2','16685464','男','1973-08-08','610000197612129450','17890814499','2593876527','西藏自治区 阿里地区 其它区','1980-01-16','就职'),(006,'郭芳','23','13364947','女','1992-08-11','650000201406265538','18267220193','5568690544','辽宁省 盘锦市 盘山县','1977-11-09','就职'),(007,'魏洋','91','69843646','女','2008-12-26','310000197010162455','19507853705','2985566502','浙江省 湖州市 德清县','2000-10-29','就职'),(008,'郝平','50','56033635','男','1981-08-18','650000200411199219','12838829208','2803599354','广西壮族自治区 来宾市 合山市','2008-04-07','就职'),(009,'曹洋','79','8969745','男','1992-05-16','310000200911021769','13009981796','2818771112','西藏自治区 昌都地区 察雅县','1988-07-02','就职'),(010,'刘平','55','47821237','女','1984-09-17','410000198906248452','14231321224','999956238','四川省 达州市 万源市','2000-10-30','就职'),(011,'陆杰','53','35131329','男','2001-12-17','220000201605155825','11840742428','8659527529','湖北省 武汉市 武昌区','2012-04-04','就职'),(012,'冯桂英','78','58990904','男','1985-03-16','430000199901143764','19565270537','2809133175','安徽省 安庆市 迎江区','1976-04-16','就职'),(013,'崔娜','89','91476918','男','2009-01-20','350000198504157068','18878755454','2433551619','宁夏回族自治区 固原市 西吉县','2002-03-29','就职'),(014,'郑军','5','95559339','男','1985-02-20','140000201312043360','16204371351','449018610','贵州省 安顺市 关岭布依族苗族自治县','1995-11-30','就职'),(015,'常平','97','18222378','女','2002-08-23','460000200609012493','19405369430','9559891721','江苏省 常州市 戚墅堰区','2018-01-27','就职'),(016,'田磊','7','53261946','男','2009-05-14','330000199009302644','1822655934','986339932','河南省 周口市 郸城县','1970-07-20','就职'),(017,'金静','31','96010539','女','1978-08-12','820000199010245786','16205371628','3520646261','黑龙江省 双鸭山市 饶河县','2000-04-14','就职'),(018,'韩艳','84','76718151','女','1984-09-03','440000198212060979','19901301887','8866308235','广西壮族自治区 来宾市 金秀瑶族自治县','1995-02-17','就职'),(019,'朱平','18','80882018','男','2002-05-13','340000198805292376','17499027756','7417552030','重庆 重庆市 巴南区','1976-01-14','就职'),(020,'田勇','10','72940541','男','1979-10-09','650000198507043390','15213207486','6574518781','内蒙古自治区 巴彦淖尔市 磴口县','1994-02-20','就职'),(021,'段杰','79','69202035','女','1970-07-09','710000201302205422','17579523062','5056606089','西藏自治区 阿里地区 改则县','2004-02-25','就职'),(022,'蒋明','78','67466135','女','1996-04-13','630000198710319213','16181766682','3842964994','江西省 宜春市 高安市','1976-03-07','就职'),(023,'龚静','14','24256770','男','1985-02-23','710000199404238428','13270736490','9222346586','云南省 大理白族自治州 弥渡县','1982-11-13','就职'),(024,'朱敏','99','488267','男','2007-10-07','620000199109063790','14704525064','6276134658','青海省 海西蒙古族藏族自治州 乌兰县','1997-02-02','就职'),(025,'顾磊','70','22455084','女','1979-06-10','220000199709060599','19144156588','3304348798','河南省 信阳市 罗山县','2007-05-23','就职'),(026,'石平','88','69419971','女','2017-06-04','120000200507158151','18486944405','97265886','北京 北京市 通州区','2010-01-02','就职'),(027,'于涛','44','75480496','男','2001-09-14','510000197407181635','14301697579','4308494122','陕西省 渭南市 大荔县','1986-05-07','就职'),(028,'丁霞','77','18531338','女','2002-12-31','810000197108197187','18013422253','712729200','宁夏回族自治区 固原市 原州区','1995-03-06','就职'),(029,'汪平','19','66719882','女','2006-02-04','340000197904302475','17244193611','3818076041','西藏自治区 阿里地区 其它区','1972-12-17','就职'),(030,'熊桂英','56','91246533','男','1972-07-20','310000197904298423','13873943541','7859062424','福建省 厦门市 翔安区','1981-08-23','就职'),(031,'何杰','26','47010650','男','1998-10-31','360000201306160158','17933336977','7512415537','香港特别行政区 新界 葵青区','2018-03-14','就职'),(032,'侯涛','20','8533163','女','1970-10-05','450000199011309711','18008072248','9589589187','福建省 三明市 沙县','1977-03-16','就职'),(033,'刘艳','50','85605193','男','1997-04-19','630000199409066311','15273975089','3604552731','甘肃省 张掖市 民乐县','2015-05-20','就职'),(034,'程敏','38','69717651','女','1972-02-23','360000198103251151','14441538891','3880626293','河北省 邢台市 南宫市','2010-12-15','就职'),(035,'范秀英','53','63141891','女','1972-07-30','410000197708231524','14613677472','4123424510','湖南省 永州市 道县','1980-11-07','就职'),(036,'侯秀兰','27','59717367','男','1985-10-14','420000197503206378','11125948010','4708203141','台湾 台东县 长滨乡','2001-03-04','就职'),(037,'袁明','80','14734927','女','1971-11-05','650000200411232277','16829913754','851358403','广西壮族自治区 贺州市 昭平县','2002-03-26','就职'),(038,'罗洋','41','17126439','男','1986-02-20','220000199312123387','1919702136','6754242857','福建省 泉州市 安溪县','1986-09-18','就职'),(039,'侯桂英','68','84557621','女','2004-07-19','460000200511215532','13958592393','7563674232','内蒙古自治区 呼和浩特市 和林格尔县','1987-04-14','就职'),(040,'金艳','90','90753551','男','2011-05-22','810000200804141552','13252920446','5815250475','天津 天津市 河西区','1970-08-16','就职'),(041,'马杰','85','63377321','男','1998-02-14','120000199803304509','11745230946','5382440655','天津 天津市 北辰区','1988-06-28','就职'),(042,'程勇','40','93609501','女','2013-06-22','820000199406132358','11770074729','105666701','福建省 龙岩市 新罗区','1989-03-11','就职'),(043,'钱娟','53','78836238','男','2005-10-15','650000198205106632','15200222670','5767065839','内蒙古自治区 兴安盟 突泉县','2017-05-06','就职'),(044,'魏涛','80','73369746','男','2011-07-07','14000020030212324X','16694449118','4346273340','吉林省 白山市 江源区','1975-03-15','就职'),(045,'叶秀兰','96','31068681','男','1996-09-02','120000197006111158','18311735881','9687034990','福建省 南平市 政和县','1994-04-18','就职'),(046,'孙涛','96','84229260','女','1976-11-16','810000199703140926','14438942306','4946580730','山西省 大同市 大同县','1979-03-23','就职'),(047,'黄艳','43','737430','女','1991-10-28','44000020021215481X','18774365982','3785743594','宁夏回族自治区 中卫市 中宁县','1972-04-01','就职'),(048,'郑超','18','97740328','男','1998-02-26','34000020100104331X','11613934959','4572888491','重庆 重庆市 万盛区','1989-01-23','就职'),(049,'彭艳','92','34915840','男','1995-09-19','430000201004107886','14927234419','1157941500','河南省 安阳市 其它区','1973-08-07','就职'),(050,'蔡敏','6','71433915','女','1970-06-30','630000197010206571','17111968160','1074385705','上海 上海市 长宁区','1993-04-06','就职'),(051,'曹洋','69','19975697','男','1984-02-06','140000200210207868','16176211430','9773902647','湖南省 娄底市 冷水江市','2013-02-01','就职'),(052,'锺艳','86','15642129','女','1988-10-27','350000197509013149','17672503703','6800368575','湖南省 张家界市 慈利县','1972-06-03','就职'),(053,'石强','34','28550342','男','1978-02-05','370000199312156878','13064877507','152704383','河南省 鹤壁市 浚县','1995-04-30','就职'),(054,'黄秀兰','28','69940271','男','2017-07-13','630000200602036961','1943490397','6724082108','四川省 资阳市 雁江区','1984-01-19','就职'),(055,'薛涛','56','46143629','女','1979-05-31','81000020161013472X','11154714053','9305788487','海南省 三亚市 -','1980-03-02','就职'),(056,'苏超','50','13329704','男','1995-05-25','360000199609062942','14671359283','5340063455','黑龙江省 齐齐哈尔市 克东县','1988-02-13','就职'),(057,'姚强','33','91278440','男','1999-12-15','710000200508302258','14315117657','6450184569','浙江省 金华市 兰溪市','1971-01-18','就职'),(058,'薛敏','83','4792131','男','1978-08-10','370000200403306574','19416234912','9168895267','河南省 信阳市 淮滨县','1999-01-27','就职'),(059,'戴娟','12','49151685','女','2009-09-15','500000198107227913','11954926490','2329109119','福建省 漳州市 龙文区','2013-11-25','就职'),(060,'郭丽','5','17918677','男','2003-04-17','44000020160407870X','13460363288','4639446023','广东省 梅州市 大埔县','2006-04-13','就职'),(061,'文娟','48','74485303','女','1999-09-05','150000198207308758','15408261475','9988808418','辽宁省 鞍山市 立山区','2016-10-18','就职'),(062,'李磊','81','82674999','女','2012-06-03','82000020000212586X','1726548396','9952721117','山东省 日照市 莒县','1991-10-06','就职'),(063,'韩秀英','8','25333806','女','1990-03-27','140000200501221264','18861222838','5083819441','内蒙古自治区 赤峰市 元宝山区','1985-10-07','就职'),(064,'曹芳','94','95667717','男','1972-07-21','450000197710018674','19265577144','7273186545','贵州省 安顺市 平坝县','2016-08-12','就职'),(065,'何刚','46','6836632','男','2004-07-30','510000200205123618','12059508269','5555493330','新疆维吾尔自治区 克拉玛依市 克拉玛依区','1989-08-14','就职'),(066,'任超','31','92181906','男','2007-03-08','990000199907109742','12214224542','7059748786','湖北省 武汉市 汉阳区','1973-10-20','就职'),(067,'邵勇','21','20829743','男','1976-10-16','370000200010158347','19888862778','9699367133','陕西省 汉中市 镇巴县','2002-03-06','就职'),(068,'陈芳','43','16448248','女','1984-11-28','110000200403155480','11120580887','3295079879','台湾 云林县 水林乡','2006-10-24','就职'),(069,'叶艳','72','39802309','女','2010-10-30','150000199604032657','15604291300','5790592990','河南省 开封市 金明区','1974-01-10','就职'),(070,'崔杰','8','35142468','男','1994-01-29','440000201507303354','19521991496','6279813302','福建省 南平市 其它区','2006-01-17','就职'),(071,'孙秀英','75','78473374','女','1990-05-13','510000197610048522','12961159488','655608994','浙江省 绍兴市 新昌县','2002-12-16','就职'),(072,'萧勇','82','59870019','女','2016-11-23','350000200909082893','19650541875','187732165','安徽省 安庆市 怀宁县','1987-12-18','就职'),(073,'范霞','38','36899601','男','2009-11-10','340000200001148782','17227064526','8365615575','新疆维吾尔自治区 博尔塔拉蒙古自治州 温泉县','1985-02-05','就职'),(074,'丁敏','4','97390875','女','2002-03-22','420000199505113553','15610831569','5134247557','新疆维吾尔自治区 克孜勒苏柯尔克孜自治州 其它区','1979-01-09','就职'),(075,'朱军','80','53394477','男','1970-07-23','150000198211220185','12027311604','1453144020','湖南省 永州市 蓝山县','1999-10-14','就职'),(076,'林秀兰','96','12936641','男','1970-04-12','450000198403101472','1266294869','3634509832','内蒙古自治区 乌海市 其它区','2011-04-23','就职'),(077,'锺磊','59','10008649','女','1983-07-11','220000199906238077','12309196231','717212616','江苏省 泰州市 兴化市','2003-09-04','就职'),(078,'罗秀兰','52','62498557','女','1976-01-22','350000201406042413','11713024301','4459836001','甘肃省 庆阳市 西峰区','1988-10-11','就职'),(079,'魏敏','81','95252588','男','1997-10-14','510000200501236801','13764228359','1271346894','江苏省 泰州市 靖江市','1997-03-07','就职'),(080,'谢勇','52','50994580','女','2005-05-14','340000200002156661','14570023450','1013718838','上海 上海市 松江区','2016-01-19','就职'),(081,'夏勇','48','7272042','男','1994-06-10','150000197712093386','13427185460','8690097094','甘肃省 金昌市 其它区','2007-08-05','就职'),(082,'钱涛','82','6208026','女','2010-01-22','140000199005171821','16777611647','3361101800','河南省 开封市 兰考县','1996-01-30','就职'),(083,'郭娜','36','78746347','男','1998-02-02','82000020110119032X','18376656482','6573462739','湖南省 永州市 冷水滩区','1979-04-01','就职'),(084,'万平','82','84330891','女','2004-01-27','650000199107094230','14464147961','93871762','四川省 乐山市 夹江县','2018-03-19','就职'),(085,'胡勇','4','52635801','男','2007-07-27','150000199701056730','18416061432','8913875136','青海省 黄南藏族自治州 泽库县','2012-05-22','就职'),(086,'龚娟','18','68034038','男','1999-02-24','110000200912206266','15780225404','8130538374','四川省 眉山市 仁寿县','1976-04-17','就职'),(087,'林洋','38','88148626','女','1992-11-30','370000197302116187','11573956047','8290662839','北京 北京市 顺义区','2016-11-28','就职'),(088,'许刚','85','37104922','女','1995-07-15','530000197201216269','13165604400','7902897483','广东省 湛江市 雷州市','1994-12-31','就职'),(089,'曾芳','18','84337595','女','2016-06-23','31000020150407012X','19728866062','9621805026','河北省 沧州市 盐山县','1971-03-11','就职'),(090,'许涛','82','73976522','女','1981-04-16','420000198007285729','13069341593','3760698610','福建省 三明市 明溪县','2009-04-06','就职'),(091,'邓军','15','10583965','男','1992-04-14','350000200805106280','19037878049','1262442229','上海 上海市 虹口区','1976-02-26','就职'),(092,'卢杰','25','10049582','女','2004-12-15','350000198010197609','16782349454','7739491743','西藏自治区 日喀则地区 康马县','2010-08-09','就职'),(093,'赵磊','36','60099522','男','2011-12-03','310000197203256335','18306813467','2895014157','湖北省 武汉市 东西湖区','1993-09-05','就职'),(094,'任涛','42','33510841','男','1982-02-08','530000201801206733','13201235270','5934471981','江苏省 扬州市 江都区','1971-11-10','就职'),(095,'叶秀英','74','97005004','男','1999-11-25','520000197403043325','15150564553','7201705306','江苏省 淮安市 洪泽县','2017-03-14','就职'),(096,'吴杰','40','45301597','女','1987-10-25','360000197408307641','18063394628','1190235585','吉林省 通化市 二道江区','1976-03-30','就职'),(097,'秦平','96','75050797','女','1988-09-05','640000201010165512','18028903211','9769182087','吉林省 白城市 大安市','1978-02-16','就职'),(098,'江芳','72','54038406','男','1985-02-08','520000199801213843','12096162546','7332490001','辽宁省 抚顺市 其它区','1994-11-15','就职');

#
# Structure for table "goods_info"
#

CREATE TABLE `goods_info` (
  `goodsNo` int(3) unsigned zerofill NOT NULL AUTO_INCREMENT,
  `goodsName` varchar(30) NOT NULL DEFAULT '',
  `goodsType` varchar(20) NOT NULL DEFAULT '',
  `goodsUnit` varchar(10) NOT NULL DEFAULT '' COMMENT '单位',
  `goodsModel` varchar(20) NOT NULL DEFAULT '' COMMENT '型号 ip8',
  `goodsSpec` varchar(20) NOT NULL DEFAULT '' COMMENT '规格200X300',
  `stockPrice` float(8,2) NOT NULL COMMENT '进价',
  `goodsPrice` float(8,2) NOT NULL DEFAULT '0.00' COMMENT '售价·',
  `supName` varchar(30) NOT NULL DEFAULT '' COMMENT '产地',
  `goodsAddTime` datetime NOT NULL DEFAULT '1900-01-01 00:00:00' COMMENT '添加时间',
  `goodsState` varchar(10) NOT NULL DEFAULT '',
  PRIMARY KEY (`goodsNo`),
  KEY `goodsNo` (`goodsNo`,`goodsName`,`stockPrice`,`goodsPrice`),
  KEY `goodsType` (`goodsType`),
  KEY `supName` (`supName`)
) ENGINE=InnoDB AUTO_INCREMENT=9 DEFAULT CHARSET=utf8 COMMENT='商品信息';

#
# Data for table "goods_info"
#

INSERT INTO `goods_info` VALUES (001,'康师傅牛肉面','办公文具','瓶','dasd','500g',3.00,5.00,'甘南藏族自治州划整候角有限公司','2018-05-12 10:42:06','已上架'),(002,'可口可乐','日用化工','张','ewrwe','werw',1.00,3.00,'长治市领任有限公司','2018-05-12 10:32:48','已上架'),(003,'康师傅矿泉水','食品酒水','瓶','233','500ml',0.40,1.00,'三亚市型离有限公司','2018-05-13 13:05:00','已上架'),(004,'晨光中性笔','办公文具','张','爵士人生','黑色子弹头',1.00,3.00,'上海市半算车有限公司','2018-05-12 10:33:20','已上架'),(005,'绿箭口香糖','食品酒水','条','草莓味','5支装',1.00,1.50,'重庆市一属可此有限公司','2018-05-12 10:33:38','已上架'),(006,'双汇火腿肠','食品酒水','条','玉米肠','20g',1.00,2.00,'益阳市进体准有限公司','2018-05-12 10:33:51','已上架'),(007,'黑人牙膏','日用化工','条','90g','绿茶薄荷',20.00,29.00,'青岛市己则有限公司','2018-05-12 10:37:58','已上架'),(008,'心相印纸巾','日用化工','件','10张','nnn',0.80,1.00,'甘南藏族自治州划整候角有限公司','2018-05-13 09:38:00','已上架');

#
# Structure for table "goods_sales_summary"
#

CREATE TABLE `goods_sales_summary` (
  `Id` int(3) unsigned zerofill NOT NULL AUTO_INCREMENT,
  `goodsNo` int(3) unsigned zerofill NOT NULL DEFAULT '000',
  `goodsName` varchar(50) NOT NULL DEFAULT '',
  `salesCount` int(3) NOT NULL DEFAULT '0',
  `salesMoney` float(10,2) NOT NULL DEFAULT '0.00',
  `goodsPrice` float(4,2) NOT NULL DEFAULT '0.00',
  `stockPrice` float(4,2) NOT NULL DEFAULT '0.00',
  `salesProfit` float(9,2) NOT NULL DEFAULT '0.00',
  PRIMARY KEY (`Id`),
  KEY `goodsNo` (`goodsNo`,`goodsName`)
) ENGINE=InnoDB AUTO_INCREMENT=8 DEFAULT CHARSET=utf8;

#
# Data for table "goods_sales_summary"
#

INSERT INTO `goods_sales_summary` VALUES (001,001,'康师傅牛肉面',66,330.00,5.00,3.00,132.00),(002,002,'可口可乐',42,126.00,3.00,1.00,84.00),(003,003,'康师傅矿泉水',114,114.00,1.00,0.50,68.30),(004,004,'晨光中性笔',19,57.00,3.00,1.00,38.00),(005,005,'绿箭口香糖',114,170.50,1.50,1.00,57.00),(006,006,'双汇火腿肠',27,54.00,2.00,1.00,27.00),(007,007,'黑人牙膏',6,174.00,29.00,20.00,54.00);

#
# Structure for table "inventory"
#

CREATE TABLE `inventory` (
  `goodsNo` int(3) unsigned zerofill NOT NULL DEFAULT '000',
  `goodsName` varchar(50) NOT NULL DEFAULT '',
  `goodsInv` int(4) NOT NULL DEFAULT '0',
  PRIMARY KEY (`goodsName`),
  KEY `goodsNo` (`goodsNo`,`goodsName`),
  KEY `goodsName` (`goodsName`)
) ENGINE=InnoDB DEFAULT CHARSET=utf8 COMMENT='库存';

#
# Data for table "inventory"
#

INSERT INTO `inventory` VALUES (006,'双汇火腿肠',0),(002,'可口可乐',64),(001,'康师傅牛肉面',0),(003,'康师傅矿泉水',116),(005,'绿箭口香糖',50);

#
# Structure for table "sales"
#

CREATE TABLE `sales` (
  `id` int(3) unsigned zerofill NOT NULL AUTO_INCREMENT,
  `salesNo` int(3) unsigned zerofill NOT NULL COMMENT '单号',
  `goodsNo` int(3) unsigned zerofill NOT NULL DEFAULT '000',
  `goodsName` varchar(20) NOT NULL DEFAULT '',
  `goodsPrice` float(9,2) NOT NULL DEFAULT '0.00',
  `salesCount` int(11) NOT NULL DEFAULT '0',
  `deserveMoney` float(8,2) NOT NULL DEFAULT '0.00' COMMENT '应收金额',
  `salesProfit` float(9,2) NOT NULL DEFAULT '0.00' COMMENT '利润',
  PRIMARY KEY (`id`),
  KEY `goodsNo` (`goodsNo`,`goodsName`),
  KEY `salesNo` (`salesNo`),
  KEY `goodsNo_2` (`goodsNo`),
  KEY `goodsName` (`goodsName`),
  KEY `salesCount` (`salesCount`)
) ENGINE=InnoDB AUTO_INCREMENT=18 DEFAULT CHARSET=utf8 COMMENT='商品销售';

#
# Data for table "sales"
#

INSERT INTO `sales` VALUES (007,004,001,'康师傅牛肉面',5.00,2,10.00,4.00),(008,004,002,'可口可乐',3.00,1,3.00,2.00),(009,005,001,'康师傅牛肉面',5.00,2,10.00,4.00),(010,005,002,'可口可乐',3.00,1,3.00,2.00),(011,005,002,'可口可乐',3.00,4,12.00,8.00),(012,006,001,'康师傅牛肉面',5.00,2,10.00,4.00),(013,006,002,'可口可乐',3.00,1,3.00,2.00),(014,007,005,'绿箭口香糖',1.50,1,1.50,0.50),(015,007,001,'康师傅牛肉面',5.00,3,15.00,6.00),(016,011,003,'康师傅矿泉水',1.00,1,1.00,0.60),(017,011,002,'可口可乐',3.00,3,9.00,6.00);

#
# Structure for table "sales_return"
#

CREATE TABLE `sales_return` (
  `returnGoodsNo` int(3) unsigned zerofill NOT NULL AUTO_INCREMENT,
  `salesNo` int(3) unsigned zerofill NOT NULL DEFAULT '000' COMMENT '销售编号',
  `goodsNo` varchar(20) NOT NULL DEFAULT '',
  `supName` varchar(20) NOT NULL DEFAULT '',
  `goodsPrice` float(8,2) NOT NULL DEFAULT '0.00',
  `returnGoodsCount` int(10) NOT NULL DEFAULT '0' COMMENT '退货数量',
  `returnGoodsMoney` float(8,2) NOT NULL DEFAULT '0.00',
  `returnGoodsReason` varchar(100) NOT NULL DEFAULT '',
  `returnAddTime` datetime NOT NULL DEFAULT '1900-01-01 00:00:00' COMMENT '退货时间',
  `returnState` varchar(10) NOT NULL DEFAULT '',
  PRIMARY KEY (`returnGoodsNo`),
  KEY `salesNo` (`salesNo`)
) ENGINE=InnoDB AUTO_INCREMENT=3 DEFAULT CHARSET=utf8 COMMENT='顾客退货';

#
# Data for table "sales_return"
#

INSERT INTO `sales_return` VALUES (001,007,'005','重庆市一属可此有限公司',1.50,2,3.00,'erwer','2018-05-24 21:02:00','已完成'),(002,002,'002','长治市领任有限公司',3.00,1,3.00,'erwearer','2018-05-24 22:52:00','已完成');

#
# Structure for table "sales_summary"
#

CREATE TABLE `sales_summary` (
  `salesNo` int(3) unsigned zerofill NOT NULL AUTO_INCREMENT,
  `goodsGroup` varchar(50) NOT NULL DEFAULT '',
  `reciveMoney` float(8,2) NOT NULL DEFAULT '0.00',
  `changeMoney` float(8,2) NOT NULL DEFAULT '0.00' COMMENT '找零',
  `salesCountSum` int(3) NOT NULL DEFAULT '0',
  `salesMoneySum` float(8,2) NOT NULL DEFAULT '0.00',
  `salesProfitSum` float(9,2) NOT NULL DEFAULT '0.00',
  `salesAddTime` datetime NOT NULL DEFAULT '1900-01-01 00:00:00',
  `salesState` varchar(10) NOT NULL DEFAULT '',
  `editor` varchar(10) NOT NULL DEFAULT '000',
  PRIMARY KEY (`salesNo`),
  KEY `editor` (`editor`)
) ENGINE=InnoDB AUTO_INCREMENT=12 DEFAULT CHARSET=utf8 COMMENT='销售业绩';

#
# Data for table "sales_summary"
#

INSERT INTO `sales_summary` VALUES (001,'康师傅牛肉面,可口可乐',13.00,0.00,3,25.00,6.00,'2018-03-18 10:56:00','已删除','a'),(002,'康师傅牛肉面,可口可乐',13.00,0.00,3,27.00,5.00,'2018-03-18 10:56:00','已删除','b'),(003,'康师傅牛肉面,可口可乐',13.00,0.00,3,13.00,6.00,'2018-03-18 11:56:00','已删除','c'),(004,'康师傅牛肉面,可口可乐',13.00,0.00,3,24.00,6.00,'2018-04-18 11:57:00','已完成','a'),(005,'康师傅牛肉面,可口可乐',25.00,0.00,7,29.00,14.00,'2018-04-18 17:40:00','已完成','b'),(006,'康师傅牛肉面,可口可乐',13.00,0.00,3,15.00,6.00,'2018-04-18 17:40:00','已完成','c'),(007,'绿箭口香糖,康师傅牛肉面',17.00,0.50,4,19.00,2.00,'2018-05-18 17:40:00','已完成','a'),(008,'康师傅牛肉面,可口可乐',13.00,0.00,3,30.00,6.00,'2018-05-18 17:41:00','已删除','b'),(009,'康师傅牛肉面,可口可乐',13.00,0.00,3,16.00,6.00,'2018-05-18 17:42:00','已删除','c'),(010,'康师傅牛肉面,可口可乐',13.00,0.00,3,13.00,6.00,'2018-05-24 21:01:00','已删除','editor1'),(011,'康师傅矿泉水,可口可乐',10.00,0.00,4,10.00,6.60,'2018-05-29 10:48:00','已完成','admin1');

#
# Structure for table "stock"
#

CREATE TABLE `stock` (
  `id` int(3) unsigned zerofill NOT NULL AUTO_INCREMENT,
  `stockNo` int(3) unsigned zerofill NOT NULL DEFAULT '000',
  `goodsNo` int(3) unsigned zerofill NOT NULL DEFAULT '000',
  `goodsName` varchar(50) NOT NULL DEFAULT '',
  `supName` varchar(50) NOT NULL DEFAULT '',
  `stockPrice` float(9,2) NOT NULL DEFAULT '0.00',
  `goodsPrice` float(8,2) NOT NULL DEFAULT '0.00',
  `stockCount` int(4) NOT NULL DEFAULT '0',
  `stockMoney` float(8,2) NOT NULL DEFAULT '0.00',
  PRIMARY KEY (`id`),
  KEY `supName` (`supName`),
  KEY `goodsNo` (`goodsNo`,`goodsName`,`stockPrice`,`goodsPrice`),
  KEY `stockNo` (`stockNo`),
  KEY `goodsNo_2` (`goodsNo`,`goodsName`,`supName`,`stockPrice`,`goodsPrice`),
  KEY `goodsName` (`goodsName`)
) ENGINE=InnoDB AUTO_INCREMENT=10 DEFAULT CHARSET=utf8;

#
# Data for table "stock"
#

INSERT INTO `stock` VALUES (001,001,001,'康师傅牛肉面','甘南藏族自治州划整候角有限公司',3.00,5.00,4,12.00),(002,001,002,'可口可乐','长治市领任有限公司',1.00,3.00,4,4.00),(003,002,001,'康师傅牛肉面','甘南藏族自治州划整候角有限公司',3.00,5.00,4,12.00),(004,002,002,'可口可乐','长治市领任有限公司',1.00,3.00,4,4.00),(005,003,003,'康师傅矿泉水','三亚市型离有限公司',0.40,1.00,50,20.00),(006,003,006,'双汇火腿肠','益阳市进体准有限公司',1.00,2.00,50,50.00),(007,003,005,'绿箭口香糖','重庆市一属可此有限公司',1.00,1.50,50,50.00),(008,004,002,'可口可乐','长治市领任有限公司',1.00,3.00,67,67.00),(009,004,003,'康师傅矿泉水','三亚市型离有限公司',0.40,1.00,67,26.80);

#
# Structure for table "stock_return"
#

CREATE TABLE `stock_return` (
  `returnStockNo` int(3) unsigned zerofill NOT NULL AUTO_INCREMENT,
  `goodsNo` int(3) unsigned zerofill NOT NULL DEFAULT '000',
  `supName` varchar(30) NOT NULL DEFAULT '',
  `goodsPrice` float(8,2) NOT NULL DEFAULT '0.00',
  `returnStockCount` int(10) NOT NULL DEFAULT '0',
  `returnStockMoney` float(8,2) NOT NULL DEFAULT '0.00',
  `returnStockReason` varchar(100) NOT NULL DEFAULT '' COMMENT '退货原因',
  `returnAddTime` datetime NOT NULL DEFAULT '1900-01-01 00:00:00' COMMENT '添加时间',
  `returnStockState` varchar(10) NOT NULL DEFAULT '',
  PRIMARY KEY (`returnStockNo`),
  KEY `goodsNo` (`goodsNo`)
) ENGINE=InnoDB AUTO_INCREMENT=4 DEFAULT CHARSET=utf8 COMMENT='退货';

#
# Data for table "stock_return"
#

INSERT INTO `stock_return` VALUES (002,001,'甘南藏族自治州划整候角有限公司',5.00,8,40.00,'fsdfsd','2018-05-14 00:00:00','已完成'),(003,006,'益阳市进体准有限公司',2.00,50,100.00,'area','2018-05-24 21:00:00','已完成');

#
# Structure for table "stock_summary"
#

CREATE TABLE `stock_summary` (
  `stockNo` int(3) unsigned zerofill NOT NULL AUTO_INCREMENT,
  `goodsGroup` varchar(200) NOT NULL DEFAULT '' COMMENT '商品组',
  `stockCountSum` int(5) NOT NULL DEFAULT '0' COMMENT '数量汇总',
  `stockMoneySum` float(9,2) NOT NULL DEFAULT '0.00' COMMENT '进货金额汇总',
  `stockAddTime` datetime NOT NULL DEFAULT '1900-01-01 00:00:00',
  `stockState` varchar(10) NOT NULL DEFAULT '',
  PRIMARY KEY (`stockNo`)
) ENGINE=InnoDB AUTO_INCREMENT=5 DEFAULT CHARSET=utf8 COMMENT='汇总，进货历史';

#
# Data for table "stock_summary"
#

INSERT INTO `stock_summary` VALUES (001,'康师傅牛肉面,可口可乐',10,20.00,'2018-05-13 20:40:00','已完成'),(002,'康师傅牛肉面,可口可乐',8,16.00,'2018-05-13 20:41:00','已完成'),(003,'康师傅矿泉水,双汇火腿肠,绿箭口香糖',150,120.00,'2018-05-24 20:59:00','已完成'),(004,'可口可乐,康师傅矿泉水',134,93.80,'2018-05-25 15:48:00','已完成');

#
# Structure for table "supplier_info"
#

CREATE TABLE `supplier_info` (
  `supNo` int(3) unsigned zerofill NOT NULL AUTO_INCREMENT,
  `supName` varchar(50) NOT NULL DEFAULT '',
  `supLawyer` varchar(20) NOT NULL DEFAULT '' COMMENT '法人',
  `supTel` varchar(20) NOT NULL DEFAULT '',
  `supAddress` varchar(50) NOT NULL DEFAULT '',
  `supState` varchar(10) NOT NULL DEFAULT '',
  PRIMARY KEY (`supNo`),
  KEY `supName` (`supName`)
) ENGINE=InnoDB AUTO_INCREMENT=21 DEFAULT CHARSET=utf8 COMMENT='供应商';

#
# Data for table "supplier_info"
#

INSERT INTO `supplier_info` VALUES (001,'德阳市外期或有限公司','杜明','19652218153','香港特别行政区 香港岛 南区','已启用'),(002,'重庆市一属可此有限公司','毛涛','13591023188','黑龙江省 哈尔滨市 木兰县','已启用'),(003,'青岛市己则有限公司','陈强','13241809134','云南省 昆明市 嵩明县','已启用'),(004,'长治市领任有限公司','白娜','18326573933','海南省 三亚市 -','已启用'),(005,'甘南藏族自治州划整候角有限公司','白明','19905838213','甘肃省 白银市 会宁县','已启用'),(006,'开封市始各了有限公司','金秀兰','17846474215','天津 天津市 滨海新区','已启用'),(007,'大理白族自治州部立有限公司','胡敏','19118235298','湖南省 娄底市 娄星区','已启用'),(008,'海口市放联影有限公司','邱娟','14388540547','山东省 德州市 齐河县','已启用'),(009,'离岛音利达有限公司','白艳','17260330277','湖南省 衡阳市 祁东县','已启用'),(010,'新竹市从员识有限公司','梁刚','11831976272','吉林省 通化市 通化县','已启用'),(011,'开封市被口音支有限公司','于超','14198658503','上海 上海市 松江区','已启用'),(012,'伊春市往一有限公司','谢芳','16314980449','宁夏回族自治区 银川市 贺兰县','已启用'),(013,'银川市半组识有限公司','赖杰','11049555046','山东省 威海市 荣成市','已启用'),(014,'上海市半算车有限公司','石强','11033086862','河北省 张家口市 万全县','已启用'),(015,'益阳市进体准有限公司','乔伟','15749488669','西藏自治区 拉萨市 曲水县','已启用'),(016,'廊坊市低给类有限公司','胡超','14130976046','澳门特别行政区 澳门半岛 -','已启用'),(017,'三亚市型离有限公司','马静','1772022177','西藏自治区 山南地区 扎囊县','已启用'),(018,'上海市好同不有限公司','曾超','13364472929','海外 海外 -','已启用'),(019,'贵港市中低有限公司','沈刚','15968030335','河北省 廊坊市 广阳区','已启用'),(020,'三明市六加马有限公司','阎艳','18995792347','香港特别行政区 九龙 黄大仙区','已启用');

#
# Structure for table "types"
#

CREATE TABLE `types` (
  `goodsTypeNo` int(3) unsigned zerofill NOT NULL AUTO_INCREMENT,
  `goodsType` varchar(20) NOT NULL DEFAULT '',
  `typeAddTime` datetime NOT NULL DEFAULT '1900-01-01 00:00:00',
  `goodsTypeState` varchar(10) NOT NULL DEFAULT '',
  PRIMARY KEY (`goodsTypeNo`),
  KEY `goodsType` (`goodsType`)
) ENGINE=InnoDB AUTO_INCREMENT=7 DEFAULT CHARSET=utf8 COMMENT='分类表';

#
# Data for table "types"
#

INSERT INTO `types` VALUES (001,'蔬菜生鲜','2018-03-26 13:29:00','已启用'),(002,'食品酒水','2018-03-26 13:29:00','已启用'),(003,'日用化工','2018-03-26 13:29:00','已启用'),(004,'办公文具','2018-03-26 13:29:00','已启用'),(005,'家用电器','2018-03-26 13:29:00','已启用'),(006,'服装鞋帽','2018-03-26 13:30:00','已启用');
